City,State,2017,2018,2019,2020,2021,2022,2023,2024,2025
New York City,NY,0.022064700529154102,0.03409749564086617,0.031323818931239256,-0.2001290464790828,0.32575757469386435,0.036438317761056105,0.031740351573969594,0.023530831057433144,0.0708966656330332
Los Angeles,CA,-0.007411821101271698,0.03876064235630938,0.031067896387194205,-0.10171908800577678,0.15397692056901313,0.018585167689980864,-0.031326398362925834,-0.007378064731237144,0.010494987084735952
Chicago,IL,0.009429965918436256,0.028694712880864115,0.037998592983773394,-0.11446282469429403,0.14686317665156645,0.05441672860450786,0.03553426875004728,0.005786545490604977,0.08320680710926509
Houston,TX,0.01359376076241614,-0.004849845752148529,0.0050390383342564515,-0.026463090500943753,0.10475311812172006,0.03543766778068602,-0.005903122917606418,0.0015492647285102468,0.0030799951377742385
Phoenix,AZ,0.04837627324348892,0.08413778121925475,0.07985687185833257,0.04670291806606497,0.28741401341070305,-0.017344096055934788,-0.04656826789144208,-0.031759780755857836,-0.026681836045005847
Philadelphia,PA,0.009138007329084541,0.01437968270533796,0.003413046510329698,-0.0543806636811307,0.12880122140436656,0.02468486961943972,0.00170753085333053,-0.009064223021540085,0.02050648453414361
San Antonio,TX,0.0011557815357843282,0.01888662247246664,0.01600899787276555,-0.0013454371002211696,0.15016855544487573,0.03719856392214993,-0.03172669197572053,-0.027391758256563703,-0.019357583350420704
San Diego,CA,0.03604497263456019,0.05726554753272395,0.014918315663507986,0.019311016799553604,0.20061469152267297,0.04058597601855829,-0.023997811993321516,0.002586553538835634,0.0002490687517329171
Dallas,TX,0.020756981517069173,0.010666312617406914,0.021634148199349834,-0.022599155898595513,0.1694943083698739,0.05767616057131386,-0.020574913555423957,-0.021494733475257766,0.001373633737107971
San Jose,CA,0.02247171321203978,0.0463794301322924,0.010657122142017972,-0.12886478980566196,0.11245436663856667,0.0658855982165314,-0.003989413350791615,0.03410846738798834,0.0519396262808014
Austin,TX,-0.0018888687022121653,0.05056484720578158,0.0348443616508094,-0.041529818380550365,0.24712979033499072,0.030992075689482812,-0.05669177716706497,-0.07382440319033434,-0.038793576363110316
Jacksonville,FL,0.04884105850204201,0.04955125975246921,0.01595855157411319,0.04257537162014979,0.2711942773448399,-0.00751960804478069,-0.043406728718892396,-0.029501325139471013,0.004267276431680456
Fort Worth,TX,0.010077317290496213,0.019316466701340795,0.007311244986688559,0.008358656913064255,0.14619009867035748,0.044556092300418015,-0.026094673291783943,-0.032165389607501815,0.017015412992152035
Columbus,OH,0.026534348118227635,0.02385552106251465,0.00039175184602990853,0.03397779992252592,0.11208121233690749,0.05567920561530215,0.0014852452874030142,0.00431784883591968,0.022494497874095076
Indianapolis,IN,0.031045227685516874,0.039908879892440074,0.03752155577239602,0.022800308911156142,0.13847051185663073,0.07428990537877,0.024283879484298332,0.0056145824029534275,0.015685853466570032
Charlotte,NC,0.014034312735885957,0.03606141632476456,0.024352079389215797,-0.011445160771173857,0.19827122656124807,0.05390697846625403,-0.025208823263269453,-0.029439401971516066,0.0006287146047367909
San Francisco,CA,-0.012090659913583157,0.06423811641813182,-0.019690928797102214,-0.26215707776565156,0.16228689882796243,0.03043325967332433,-0.04543378519411634,0.043701316479428876,0.12510001292065542
Seattle,WA,0.01225227641306037,0.021931834371873737,0.04846203660168391,-0.1829116668920121,0.2287993638228345,0.004462093959830327,-0.00641287736131213,0.013316333984396689,0.05476759949603638
Denver,CO,0.02776089485681088,0.05345825618446254,0.00937809835137271,-0.04340535142808877,0.17321033556211018,0.01495163990420334,-0.003459903051659663,-0.0494085795491227,-0.015452087673487935
Nashville,TN,-0.020407753269036877,0.018768595927981524,0.04247803796639027,-0.03447192691284062,0.21447231432532,0.032038591462314914,-0.03871717859281909,-0.013453225879441644,0.0005384385660582858
El Paso,TX,0.014161164882236843,0.0012355494828473201,0.03163272101344128,0.034139259700294744,0.16220307873756634,0.05271835482844622,0.027933881056190213,0.04859478601179745,0.010537381836195348
Washington,DC,0.0049673379067025625,0.023749244718176632,0.019129756137871157,-0.11568598429795318,0.12866015810593723,0.020223219662154124,0.0070432659168200296,0.020510021709694293,-0.00325784115468708
Boston,MA,0.03376654076971608,0.032357358611244225,0.04448978489738553,-0.18779202255095973,0.2541712370755773,0.018602195882512662,0.03684969482710465,0.000351643068624119,0.05115985015470703
Portland,OR,-0.027042963659913877,-0.012459009362397633,0.030633801666503313,-0.06527724879607777,0.09793588035942391,0.027480829257676476,-0.050599063567003055,0.005536530252829186,0.007348457539562148
Las Vegas,NV,0.06310487702373191,0.0814146819280035,0.04913895671276669,0.05648347042344648,0.2693273967591212,-0.036685471248977586,-0.021518511301780285,0.0021094073492911036,-0.014593649630548211
Memphis,TN,0.007792595604886765,0.0554083260501943,0.019293754020109466,0.06835727286290538,0.14606916186532204,0.006270198020046136,0.005998655875111059,-0.015634899340344455,0.0018574023171220588
Louisville,KY,-0.04745987714352273,0.0508527795289242,0.023817255693330264,0.009945410155113299,0.0766100784719328,0.057857731915973876,0.04080698664828186,0.039102294564797635,0.007105926461635326
Baltimore,MD,0.014852356284550394,-0.024261444043055302,0.014217331018328005,-0.005379778571270699,0.1598723870421237,-0.00031987396135546575,0.0077883669105736075,0.02921990931703622,0.020628288756332935
Albuquerque,NM,0.01917288902868286,0.04768136301184467,0.07097312647284038,0.0694052144524211,0.1941645820279736,0.09283700282743479,-0.003985944864465796,0.028122280556204027,0.013741793345841913
Tucson,AZ,0.07347092745390871,0.05482924366108044,0.05284859074167869,0.07365818903745414,0.23369800316887446,0.04141387189688417,0.0077974248750467545,-0.020145020279631165,-0.030464941619870345
Sacramento,CA,0.05291680580516078,0.06353873160474444,0.03922904694961993,0.05136006083420841,0.16136388039949878,-0.01752575383856081,-0.020540775052441673,0.01590944419953999,0.007148021756134604
Kansas City,MO,0.033631085658989646,0.017342689444217907,0.0007480828881611945,0.014611839432657536,0.09142429823079312,0.059855530746365515,0.012206623516890724,0.020130449474748957,0.022670401084974756
Mesa,AZ,0.05825063816400333,0.08704507184726373,0.09037573226059736,0.07377063334069289,0.30014563864747523,-0.024243561025464766,-0.041069023769771174,-0.0227457481901312,-0.029014384215932054
Atlanta,GA,0.028037523260127983,0.028351658714034444,0.011332321504602394,-0.00904465343128491,0.18564303386755965,-0.01355609952625203,-0.05421707286344035,-0.022570237541552296,0.016124872320923522
Omaha,NE,0.0283876161912322,0.03268144831206743,0.027513358245971675,0.01262089659848753,0.09497466264486087,0.0866606091916089,0.025169858615532448,0.02106900136922807,0.030119163321215225
Colorado Springs,CO,0.0641269046573294,0.03141073119915849,0.05844160835433976,0.048963614762297825,0.14973875268667225,0.03922786989388727,-0.032126447463283636,-0.03230196746905911,-0.0408986340937566
Raleigh,NC,0.0016709173295639257,0.03403856061752264,0.031033666682545036,0.020285749901996386,0.21095849034519198,0.04939407587590727,-0.037260745190062394,-0.045449362818081984,0.0037738097583324137
Long Beach,CA,0.054107037342914444,0.02496186163392866,0.014960478055307647,-0.021216346373350237,0.16527326092948846,0.017392086431877285,-0.03157058065125673,-0.0014634519747140917,0.00928902863557135
Virginia Beach,VA,0.03854638839902047,0.0401987583091985,0.026237035871196523,0.06613960525609897,0.17933798500769216,-0.003571692125518,0.02312812891366378,0.03272560793972379,0.038024467085561175
Miami,FL,-0.022901376085790792,0.028296824999244796,0.019524656835761656,-0.03773326919973341,0.2959628288623246,0.07941353449954658,-0.01991339177098994,0.008126796964200711,0.004744583939970681
Oakland,CA,0.07126558057628873,0.03345611589910269,0.0036667605621358845,-0.10876203349082869,-0.006846093316052904,-0.02693566499731659,-0.09391684676750145,-0.030129630930902374,0.042609771665413465
Minneapolis,MN,0.029177387089010187,0.010413224460620762,0.024745746113803424,-0.1178489655823085,0.06877771616988904,0.013546458742279777,-0.0055492888827632925,-0.005521936512849823,0.056805851093364446
Tulsa,OK,0.02750528482741932,0.008994922913637682,0.05798158922246022,0.06375531955317659,0.10006077630462218,0.08006748288353638,0.014408339433263473,0.041388654201998776,0.013327666759108014
Arlington,TX,0.06279933862482223,0.026443311524859903,0.029564078553153683,0.04974892863451452,0.14409604819741917,0.059019954674426334,-0.0011517699692169536,-0.020570866743129024,-0.020396460847213915
Tampa,FL,0.05169065734349276,0.03181567939342944,0.02585776350178759,0.03196059069361157,0.3295446679856948,0.004847794120319993,-0.003404661498364603,-0.012731134737352545,-0.004199157169456735
Aurora,CO,0.029080589057912443,0.04891044105068043,0.01727019886217218,0.0019912997318589643,0.1890321974803586,0.03314154833667882,0.01892314306588272,-0.0674850076536776,-0.04093845932643936
New Orleans,LA,-0.011724885862081869,-0.003470853441707833,0.027144966920015,-0.014539731845466752,0.11015294688430832,-0.03786033420164703,-0.008656343499274022,0.035908479672828175,-0.05165139897559157
Cleveland,OH,0.005703581757117604,0.09915904971337408,-0.06673035701233188,0.025604159256672254,0.02967852276377525,0.01166918139285622,-0.02188404668333599,0.05824226654562015,-0.018426461924622717
Anaheim,CA,0.0009080297223116318,-0.0015690560539399767,0.009738725291450034,0.030564322780314512,0.20621743408550408,0.02655843155894999,0.011950835357596112,0.005500240081215413,0.007353703725539562
Henderson,NV,0.0905025894827769,0.06606265924068988,0.0507210967201035,0.033940200654484665,0.2704734710493697,-0.04514228298534684,-0.012024863223761173,-0.01698796414790782,-0.02263005535528617
Corpus Christi,TX,0.013630407048571325,0.023308991311846272,0.008740115000244852,0.010610626228114484,0.106035693874454,0.01250824130745154,-0.03346384039156414,-0.014892142045084267,0.03366803002416363
Riverside,CA,0.042830178182858614,0.08507130479111424,0.057113237608850786,0.060388389351608174,0.21115371575975628,-0.004266990655843017,-0.021084679890495228,0.0013551820516399804,0.006810507265363697
St. Paul,MN,0.022870875895404152,0.0038684406504954083,0.01529106938598912,-0.04515172793423239,0.08261492519228142,0.011741943413042799,-0.008178457496536451,0.025408844279270815,0.044828979185710605
Orlando,FL,0.04896940883485712,0.0326683492595059,0.03519334073947644,-0.04806274187190751,0.2943346248217831,0.04015133200789389,-0.03873966185734634,-0.017211698356944916,0.0016481077647294562
Irvine,CA,0.031194885085774615,-0.006157426299937985,0.026813953154271708,-0.03194727561717825,0.3108565631659004,-0.02461589721820956,0.005409218720155984,0.02049006454822777,0.015314306389593524
Pittsburgh,PA,0.012859141376145855,0.06645468724303716,0.02613636452859902,-0.05741999259374708,0.1196213774647421,0.031109933789200017,0.014245486226978077,0.004325661442268203,0.062427500491242016
St. Louis,MO,0.008192205035356004,0.03299978865595099,0.052909011405576356,-0.0050973143538884935,0.07536911397820423,0.04420546257204494,-0.03306478758959941,0.012907071343190246,0.03765429473426529
Greensboro,NC,0.027442748735493572,0.04250273433876006,0.04675788106039991,0.07124155337080507,0.23917910808717724,0.04343468037845466,0.0016308807439824324,0.011096910123634007,0.029148470174829466
Jersey City,NJ,0.013184372812425238,0.047764277391882715,0.023929603960898493,-0.1349606171133534,0.21377357730667557,0.09521832014534737,-0.014443755980691808,0.012557513322028369,0.07848817719919632
Plano,TX,0.01617319009915663,0.019904507348789124,0.05411198735347056,-0.022591257242669416,0.24023475348601164,0.04395497651153524,-0.03192844766466063,-0.04294863200612509,-0.006090538030787407
Durham,NC,0.029001625262885744,0.03229105728224568,0.04688171944663111,-0.030060571083776466,0.21843150988050652,0.03851469526032547,-0.0005049873328086818,-0.03393907361500581,-0.0050380986199073385
Chula Vista,CA,0.04119698417841988,0.04759194756480145,0.022052594482958376,0.06912048778926572,0.18562803493247815,0.05737336348941802,-0.0046587092017762455,-0.006965123589688482,0.005114961825917863
Chandler,AZ,0.04503854868134072,0.07604708563030571,0.05893886135023929,0.056442321581327226,0.27686274615051065,-0.03478238477269424,-0.031347339138817265,-0.013579998130766602,-0.01712946977201324
Toledo,OH,0.030708487643068105,0.048501759928895716,0.008943297310256337,0.09024323136938572,0.14899331961647055,0.038665327172704655,-0.02425044075493854,0.08543807263573888,0.03366132596402149
Madison,WI,0.08480793116726981,0.024096684108201094,0.0527532697078088,-0.0036489682568218162,0.13080684140490262,0.17334843746939277,0.05654378640355673,0.03961402112932766,-0.009124408707942844
Gilbert,AZ,0.038712227582089476,0.0713357416067033,0.052175777332170714,0.05911810878332857,0.24668871860423747,-0.005733328454774589,-0.029954894312865354,-0.03763790873757944,-0.012425637324210093
Reno,NV,0.028028022946621656,0.034882370828634546,0.015008927263042038,0.07336531101843402,0.12896390491907384,-0.03156498056936352,-0.0392436687000447,0.037906067042213776,0.044202957609963844
Fort Wayne,IN,0.02336875496067825,0.05072131524258516,0.07314723345712149,0.041815407848042385,0.21184459017040336,0.0055798093697152495,0.035940556628020426,0.016967256890934257,0.006808551686092734
North Las Vegas,NV,0.06384397808319875,0.07970135500215725,0.04306248172908522,0.09019960761917645,0.25580527964724875,-0.021605145052458252,-0.020574321838016774,0.019642427074962443,-0.0015954699030894526
St. Petersburg,FL,0.020500394409894707,0.029824134507182798,0.04586127629175629,0.023851302640990557,0.31115004367372356,0.009344690296494429,-0.016958379434639292,0.04359129869320921,-0.06560438725473838
Irving,TX,0.02541242125061749,0.021278978051763264,0.02377023031427128,-0.018452656351708008,0.19802934449343934,0.07446848902932435,-0.03703512359591987,-0.02607274578847185,0.01413849741735973
Winston-Salem,NC,0.11841104974677696,0.0799661062375292,0.013722053098501386,0.05451953005901533,0.21420345140196617,0.04839082364562608,-0.014003254916275742,0.02782306656880107,-0.0033608852412176926
Glendale,AZ,0.01476950207249006,0.09531591293218233,0.08806937187049324,0.08777911219103962,0.28743104909759687,-0.017494230568594005,-0.035407623973449764,-0.038722511158291395,-0.04563229181908213
Garland,TX,0.06143465350567845,0.019050719583881826,0.023666944176571558,0.015802499828886374,0.1654581326552096,0.058078723639382934,0.007044377319435746,-0.04684408292242492,0.0026818081864046217
Scottsdale,AZ,0.01393890809844045,0.0868983343280767,0.06868708144161206,0.013284529790646982,0.3330369911135156,-0.06253365924825538,-0.03313491596261209,-0.02641738956497286,-0.015297235318299185
Norfolk,VA,0.1284692779766552,-0.04275613175965354,0.019266812374980624,0.02581281219199072,0.09369073925863347,0.045804941174365066,0.06607170357004488,0.013189830576601613,0.06496835655380817
Arlington,VA,0.007317492053967589,0.031772371868475924,0.03133821433451223,-0.13223883935972303,0.17630428947719068,0.03409581665980688,0.047340487117550234,0.044385116096526955,0.012962519983808596
Boise,ID,0.08058338916527386,0.06120535473867217,0.034072340878063656,0.14809640908571886,0.20654069116875928,-0.0055713219953348325,-0.03589896328353093,0.012341604264945127,0.03179747279914902
Fremont,CA,0.005340585596982361,0.03544095568616723,0.0014048264530484023,-0.062470753711089344,0.08512669251906324,0.04268218558669479,-0.016750949756036082,0.012917091394105684,0.045938270528335545
Spokane,WA,0.11692136621889837,0.02803836441841412,0.040408148626732254,0.09575584754150523,0.22173017620394386,-0.01182017864592122,0.009888715731396935,-0.006837747060304489,0.0026236632588969577
Richmond,VA,0.05441103345885545,0.07415485106663411,-0.004625721305456798,0.03718227944985131,0.13670420362414037,0.050258301909416714,-0.015739872423980783,0.012221454596737402,0.025487859076513075
Baton Rouge,LA,-0.07742811423608775,0.019187956262031403,-0.007941524299025504,0.028563096678601907,0.13051997699659168,0.02284588848375746,0.014395915774152002,-0.0008318184576288079,0.02856684964220224
Hialeah,FL,-0.02141170400000003,0.05729100772973128,0.021805609462985043,0.0013660357962417269,0.21261151947089418,0.1370565524445264,0.00835186708819613,-0.0019618601608519803,0.021845837505052312
Tacoma,WA,0.06707525976310103,0.035158432214340785,0.048213379160308545,0.03774175211530628,0.17090666170092916,-0.017005259536422845,-0.01869631801682592,0.024575406422225665,0.043908523798558585
Huntsville,AL,0.034499356673444614,0.054338705876952664,0.11165038717554387,0.064374649381856,0.13819880045631083,0.06974330837200426,-0.047261702704773034,-0.05002731411187211,-0.01649018039015404
Des Moines,IA,-0.03423807953024405,-0.023003563166467345,0.005036265008547369,0.0025032354903586906,0.05271630591620391,0.00867208591632207,0.0100938958526271,-0.009675047761584565,0.012768757895404992
Moreno Valley,CA,0.012747456227274911,0.04056677159574451,0.07489612500004972,0.12914351719508743,0.23067356801829275,-0.03497644828740454,-0.022673518079616817,0.01563725092638313,0.0021131132245943984
Fayetteville,NC,0.0370718426647767,0.0013243831116029892,0.042138859719271116,0.08582816333546517,0.18416528171755409,0.09676616067383836,-0.03655257286277114,0.038875428512711974,0.016699911217616048
Worcester,MA,0.009835831931752415,0.11737479772639503,-0.023366189593928888,0.027355876898852882,0.1276695205056626,0.03444089586780219,0.0724605268862184,0.025618753894187885,0.033402140730270036
Oxnard,CA,0.01784024676478091,0.059599276311865346,0.0027476972858344606,0.09369050257932399,0.12786943937242934,0.0073948716595015895,-0.007513863359864925,0.03897467649099573,0.03375860881744619
Little Rock,AR,-0.08610011961315833,0.015175087575732604,0.043091895423711835,0.051212209699018185,0.0610130977752914,0.07795903407522764,0.020758220670393346,0.004403165571531309,0.015869288468330023
Frisco,TX,-0.004618807156470006,0.14066695454880507,-0.08429041351973365,-0.00745390490991682,0.2270127709425238,0.024773041566014564,-0.045339174153996686,-0.028785558228983987,-0.01804542686699273
Augusta,GA,0.07862798504039059,-0.047293073655245155,0.06637851251926974,0.05530013881429974,0.0996804811151395,0.028313011036253055,-0.015374428398134965,0.025572310985832125,0.0118454552917171
Salt Lake City,UT,0.0866718014311747,0.0759173855291464,0.003062139174541567,0.014897257667632724,0.19245819611043813,0.024037463389284586,-0.02462746686962447,-0.04589946175998505,0.02603189581980514
Birmingham,AL,0.03094125720690344,0.059536698037953695,0.02764285051374471,0.04741694082223313,0.09589532697014236,0.024023575031681288,-0.008952774831080812,-0.009877504036207907,0.02060189814121216
Tallahassee,FL,0.07820044047594377,0.014883882670073678,0.02500629180021896,-0.010529646038041518,0.19201990624999787,0.09904749282154968,-0.023151127562261342,0.024642074962352156,0.0034309760247950294
Grand Rapids,MI,0.010887276501891252,0.13876653421303997,0.029383890383750888,0.025766175027059024,0.15577551306472737,0.01490314658203773,0.016520707454531047,0.09343429234552225,0.026829008251135544
Huntington Beach,CA,-0.00348677740061476,0.009833537826645866,0.030286591086146508,0.0022087523085647653,0.18818555397664238,0.029376278744607243,-0.013661364440265444,0.011218078487645666,0.01664854056827636
Grand Prairie,TX,0.027663907639346785,0.03962424425062383,0.024169150477521884,0.022113322200139285,0.17517192268569448,0.05495841162402093,-0.052256959231671285,-0.022198925726670038,0.0031860194911010886
Overland Park,KS,0.050059398558750745,0.009865466920562005,0.029729823848952952,0.0211089440281218,0.11928338231181912,0.06325689822295244,0.022736229348013337,0.06004936404577488,0.008242002780007862
McKinney,TX,0.04797954950006056,0.006598458123318496,0.031290089143001465,0.03009028590538665,0.2563167419314998,0.008683668755495644,-0.0311811988904106,-0.049770116957795874,-0.010202133370552868
Glendale,CA,0.05167436419266891,0.03070582892939,0.009050207627151252,-0.0674281927091882,0.17336241289451393,0.03680011410931905,0.007709472596941325,0.004431689098588265,0.004153738705188648
Sioux Falls,SD,-0.015515378221177989,0.013439558811055186,0.005747906357211008,0.009039390696319982,0.14152198271703864,0.07284432061911805,-0.030646859179309427,-0.013902602948020037,0.008232789586803513
Knoxville,TN,0.06566417632090515,0.05052958654905515,0.03946742896848554,0.042340091580833183,0.30805320274685255,0.08979814246180529,0.0210977713880256,0.0012501942842324532,-0.011677238019047964
Peoria,AZ,0.043282396842812876,0.10712306839862462,0.08529690485152353,0.07225878836051769,0.2593564178630676,-0.040873488875390995,-0.03225030506670634,-0.03751670466513668,-0.025637352185954976
Vancouver,WA,0.05865930374695494,0.04849024648471678,0.010223419080117369,0.07092529823558413,0.14169729612706217,0.04298584945854955,-0.05192847683011281,0.01087341599319891,0.014915658279264887
Fort Lauderdale,FL,0.006722080883085235,-0.0007659721325202762,0.0024148606770808545,-0.01291998634028968,0.2605277685299099,0.027086489212716502,-0.011167325678431816,-0.027824185893204234,0.030562072845482735
Tempe,AZ,0.03411563387322225,0.058148788156773046,0.08718552302655458,0.018092649471284528,0.2916753632248117,-0.029075355875144315,-0.042091016027132166,-0.02216779114447498,-0.012192216304185544
Santa Rosa,CA,0.09024625564088407,-0.05320871394312621,-0.0030368837872040144,-0.02008124987549398,0.125820656649968,0.05727932293800464,0.025068111822735162,-0.02258038742957158,-0.031741761614992314
Eugene,OR,0.02601292207659278,0.037532660451188526,0.05066969305426228,0.034464446891186995,0.14740627352651403,0.040643095273810825,-0.027500310086055135,0.018340392424688767,0.05800554474265929
Ontario,CA,0.04788446312638461,0.05296214703678581,0.03724215974151912,0.07340391247209643,0.2517382603722367,-0.03779068348578285,-0.012175372430388465,0.020726193454968955,-0.004580435003880168
Salem,OR,0.0,-0.012585959623494847,-0.02112308186744083,0.023071598281195538,0.2088911022128701,-0.017824229689765048,0.03724045383136931,-0.03261400940298853,0.033830647479609954
Cary,NC,0.04847765159755113,0.03691842486087782,0.04743814594221596,-0.022361695661281322,0.23422029463436966,0.050119909624640746,-0.024685732385551717,-0.026694199435485455,0.0011664647045770415
Oceanside,CA,0.052370576118289325,0.05513878737929878,0.032649139901118174,0.047558988727598894,0.18553035637656556,0.07372844002419399,-0.01338995999346726,0.0002660609324520724,0.03759899963745106
Fort Collins,CO,0.051425963362232485,0.0600623066605499,0.01704739794424981,-0.018953528757606364,0.17643225243423077,0.04231487569865333,-0.0013847437444375332,-0.018152173040043573,0.05749816464265978
Clarksville,TN,0.0745897046468742,0.0019455344653627193,-0.09656459364981751,0.11449676445967372,0.26441342246388055,0.023566567004525973,-0.030303531662546512,0.05011362118539453,-0.059640604391790975
Hayward,CA,0.02017185606278149,0.017651777984660777,0.018904151396534896,-0.05488471833793884,0.05719954768239632,0.0627846760677917,-0.011816606053588585,-0.015324062052933018,0.024052196669080983
Corona,CA,0.05642552453186234,0.03244981469066266,0.01927907007445029,0.09862251757348894,0.21916003877192902,-0.023150013906494293,-0.002387951296190516,0.003644330402535534,0.024964544903317565
Alexandria,VA,0.006398453733324372,0.024120663600263992,0.021917464298762734,-0.066182795672177,0.14203499862338287,0.02628953379399701,0.037679705870113045,0.035352667308208074,0.0020705392082671636
Lakewood,CO,0.04282738798336716,0.04731545411239768,0.020622519731123612,-0.003096242236228841,0.15545926154942413,0.036869971863938256,0.0054081275316941735,-0.020770051420847202,-0.015904381540136514
Kansas City,KS,-0.040226583298789365,0.0006698719717272983,0.0634474617431442,0.09576274610906799,0.05742754972156616,0.09052307603497756,-0.018207290360775175,0.019033057657285246,0.00898422568836299
Sunnyvale,CA,0.04697006257101366,0.06378477488637513,0.01983776662673531,-0.19622349050250643,0.15616672474025184,0.06776137813455674,-0.022427570274738073,0.052705729540181157,0.07721476139779249
Murfreesboro,TN,-0.018336650421277745,0.04322987150319357,0.025476402530040465,0.034096477785254375,0.19308847338211343,0.05711782938641319,-0.0046983255541509505,0.01957583541837371,-0.007178961972563402
Hollywood,FL,0.01513601640636697,-0.0032304402139390342,0.021199466050983773,-0.016996655414809658,0.33334858206037765,0.015215016998852082,-0.0014980379860334292,0.02732988094518496,-0.006677751049736225
Pasadena,TX,0.0025511893961893684,-0.03292914338793218,0.03584014707513594,0.032998649006153125,0.04311141272484398,0.03736742236354362,0.017282616389907357,0.00208026898100222,0.02488829009852722
Bellevue,WA,0.007526940794214676,0.05249253835485801,0.03928847055745921,-0.08039063503224686,0.18385734112030705,0.024864896432152284,0.01760850580402229,0.047102140410735016,0.021184449515979642
Charleston,SC,-0.01492719207865878,-0.0006091033865345263,0.04007894451064575,-0.0027330127806417526,0.20892872555390607,0.08408753841587036,0.010099960655814977,-0.004219106081330137,0.020171900080832916
Pomona,CA,0.043615667898864174,0.021278156323050634,0.018859971026547795,0.07663832071923271,0.202597813376447,-0.02971044916032617,0.030277667114003037,0.01369272025609325,0.01736032869529147
Naperville,IL,0.07914396219175512,0.01528716923306539,0.004447340213578066,0.02043992025012842,0.14724586503957204,0.051667001311110905,0.040725530954632605,0.03677698984665523,0.04274538094641156
Roseville,CA,0.017876949404888265,0.08040010143256571,0.020703254809755656,0.12015913885476182,0.158561253127955,-0.048449861946240236,0.02117891220542023,0.011654479392619876,0.019495401843814264
Savannah,GA,0.06696144455270736,0.020175277916995027,0.017971765912354387,0.02908578626202618,0.2539993892484358,0.0803056873411725,-0.021409001812947803,-0.0017334590294645347,0.005766505258153254
Surprise,AZ,0.16948241793212282,0.01755025315872305,0.10689202654450214,0.06554373194455665,0.2818788667615,-0.058271933836025136,-0.004571877140969738,-0.04965093920135488,-0.01947484496647023
Gainesville,FL,0.016151046974252514,0.04061924769677838,0.03582288491794472,-0.01698183882505211,0.1854646708422838,0.010443850692725132,-0.03404500010171041,-0.000551234448109672,0.027451362504326227
Fullerton,CA,0.019800178935972967,0.037725646626651343,0.019394421360598546,0.050144379382388804,0.14751767169877494,0.026787666792438936,0.01619150107476175,0.0018348292944583289,0.015558459879805309
Denton,TX,0.08823346095367723,0.039260255683399636,0.00540546412691012,0.04232286562915788,0.1212676550509153,0.09251394853148653,0.004325535190004226,-0.0420992766647581,-0.019818807041327435
Olathe,KS,0.025385259405718896,0.051638695820747094,0.03507891652165496,0.05184974610726334,0.08743149559541075,0.0587623721309547,0.02018451002897015,0.07512694414490295,-0.008589603666777301
Thornton,CO,0.011235692390730412,0.05899798526821809,0.03227664957264942,0.017162948571894043,0.14126226362505223,0.05175415647672277,-0.006353795105362603,0.0006014696145992815,-0.031577836552495686
Orange,CA,-0.018928321401619486,0.0469679864501098,0.015212412903617523,0.03258060147771147,0.18985037637408309,-0.0181264260346371,0.012741437788171162,0.039419359515302066,0.00132241703217173
Pasadena,CA,-0.015306825816574943,0.0390237634112347,0.008883819167567308,-0.06318835218548713,0.1824366722269728,0.0623968952257552,-0.01203211645872826,0.016406987584639765,0.03572519158415299
Hampton,VA,-0.0184176769015284,0.0654574222987836,0.016178140695166654,0.0681318797954169,0.2075683021789423,-0.00016907630275997398,-0.004833809094146657,0.04281189377131245,0.04342344165939305
Columbia,SC,0.0560023618060046,0.07785450175318664,-0.004407354832043464,0.06939444267114303,0.19902621381418162,0.014164294407514655,0.0249785483841094,0.008347708601433412,0.03328000388386987
New Haven,CT,0.008838582487688873,0.040548378337930124,-0.005169539417053559,-0.01692181707360041,0.2450124395108364,-0.03410452930372454,0.004092548518427552,0.09620630675302211,-0.07803123896105746
Kent,WA,0.06440661517841328,0.07780921734461099,0.028555577994743953,0.018147914140099308,0.15242865159922014,0.03478747439303098,-0.023105214389293582,0.0010277903647519793,0.015523960604792109
Miramar,FL,0.007206601658723111,0.04207110638819289,0.029959898414672947,0.011755386485997166,0.30342581660903667,0.06325981629064659,-0.037038034690024535,0.02152126987494163,-0.016727728528130204
Midland,TX,0.3133682019617594,0.18829037599293885,-0.09874537936319172,-0.3160583413683473,0.05119998030126838,0.1625700460015591,0.11492404524485922,0.035958324900727145,-0.013946320337580809
Carrollton,TX,0.04963802213144963,0.02246081592814897,0.02423952937745022,-0.005087596401456951,0.20474680206149243,0.05145724324016365,0.00795741921972093,-0.023610304338580357,-0.041441316599754696
Santa Clara,CA,0.02226974060732001,0.08716944687650785,0.01661382628216934,-0.15021364758219202,0.12813009978993217,0.09096770336164184,-0.016955000862356795,0.05458457346929202,0.05597519790511729
Athens,GA,0.12317455664372945,0.05762467643783897,0.048273266447808716,0.07918469726971167,0.1310702829522703,0.022250764561446257,0.009971360860593803,0.02792325646255689,-0.013319381811779274
Thousand Oaks,CA,0.0018525999696574758,0.09831594485886508,0.021880222513679604,0.02436783657707986,0.19398378104046543,-0.019292453033154744,-0.0013422270814410497,-0.00461195006307169,0.05301428899342375
Simi Valley,CA,0.07638394504537227,0.048466898647298695,-0.005152539859208938,0.06043601518044173,0.18724550323215405,-0.01938736213171055,0.015206316888687788,0.017933462173600256,-0.006981979511155978
Lewisville,TX,0.006160579224142149,0.039144445268562755,0.04643283788872399,0.0033094006690408406,0.2275715492819601,0.02658913433942911,-0.01838252508133109,-0.031109064415846266,-0.024705179062261773
Pearland,TX,0.08554360870707112,-0.02763749457113429,0.04385108540590066,-0.007524826484461067,0.1499479568244133,0.014099252985009025,0.005225713455356162,0.0028849741524326067,0.018486070610755245
Ann Arbor,MI,0.0476893337759936,0.005846846757621371,0.052530298599288594,-0.030849895851143727,0.1783675982205435,0.03485045201780257,0.010363642158535358,0.021998515310265976,0.03908965968416234
Palm Bay,FL,0.03970433366916182,0.0678356321182727,-0.03452733143788078,0.11717396114654699,0.2870835065132047,0.03838264760765697,-0.06459984997785329,0.017524970205658352,-0.019213880786032145
Rochester,MN,-0.056347407778806424,0.07071396514290407,0.006553227019015395,0.0014732166675073266,0.05518123005902065,0.08563479173978994,0.004344216290078418,0.017815571150065823,0.0007527040254915462
Round Rock,TX,0.016932494458721914,0.011218869240616769,0.03582864038053746,0.007580580557928984,0.29232300086695595,0.03192234340377653,-0.07544149052757021,-0.08678018176985502,-0.052596939596675996
College Station,TX,-0.04126579440894307,0.05838427122545853,-0.10251981472521787,0.04947538038259225,0.08101528385631962,0.06132656187791774,0.040680046447663765,0.00616277904818241,0.03305522101818026
The Woodlands,TX,0.002400712875734179,-0.01992260901857401,0.02086682025628739,-0.003528569532249448,0.1297766051832856,0.029796611989637345,-0.003906488411711706,-0.019789754186494535,-0.011926069998038247
Richardson,TX,0.019847174945292645,0.0016422131298570175,0.02861270861456533,-0.047159198146571435,0.22016853434505768,0.04514833235043492,-0.014458573422263865,-0.039925807111587774,-0.00021380054823971761
Cambridge,MA,0.01499531360153128,0.03231799910587352,0.04621312394619048,-0.17744730883480064,0.24586036292760727,0.04485687267838334,0.02967622512631496,-0.0012083490897103477,0.05048742364505032
West Palm Beach,FL,0.03308932343432347,0.048291122965951505,0.012075488277045077,0.02513546807530287,0.3816354226145118,-0.013145590832614906,-0.031903038985127474,0.006852008273374066,0.019553320244266592
Billings,MT,-0.060150071644215264,0.0850044747627079,-0.08124551788364998,0.04248226315808079,0.18539057979779439,0.08807613703120021,0.002077522954346156,-0.0005107832274843238,0.030727393635848088
Clearwater,FL,0.040158231713982806,0.02889165807168448,0.030204967384600323,0.054083734591753085,0.33805691788459424,-0.021007563763574377,-0.003440148400289722,0.01039908329354855,-0.037289789383043614
Wilmington,NC,0.04451808377949229,0.08898433555870766,0.03920924335042475,0.03529695000296584,0.17653120243336007,0.07965258193442959,-0.049038353820872294,-0.012428924701918587,0.01687253701081004
Evansville,IN,-0.05088609405420785,0.06869177135857729,0.014695093125429048,0.031784981040263505,0.11901428942497949,0.10638245449662365,0.022901109184096935,0.02320525973836096,0.0031941853723578273
West Jordan,UT,0.11608789744771464,-0.012177400979296427,0.026892244537127796,0.0029796971652624737,0.27110531928815496,0.020680743674784674,-0.038357596348585155,-0.010541761871220467,-0.0046978485063182696
North Charleston,SC,0.029238894226557788,0.02229388276023636,0.04851829057806123,0.0025038672701231945,0.17710337562128364,0.09122550908849614,0.03675319013470757,-0.0011522738312509384,0.02161426299395819
Westminster,CO,0.07868691842722608,0.04516697440383943,0.013248000484074485,0.010892402054818895,0.16709439941085513,0.03081046678493138,0.001599852894443643,-0.013634534724807135,-0.011445710120958186
Brandon,FL,0.025245535169865274,0.0064750991759898735,0.10886132706290819,0.031086489089246827,0.2794062881359478,0.004233330522216194,-0.012886927683161242,-0.00656473178446626,-0.01758729766837641
Carlsbad,CA,0.03503947885873715,0.04360970213810056,0.049415444587529445,0.0841282318523553,0.2003356118668076,0.0037772907608739636,0.04614614809376549,-0.022788957397491316,0.022118484777738034
Lowell,MA,0.029210851508397306,0.022832726220217037,0.03477362116665117,-0.019186636980905725,0.1261266502086269,0.06133072730647471,0.043482316766430884,0.02921659999849968,0.04375669411024741
Beaumont,TX,0.21902821857991395,-0.12942967799885474,0.035045971899205774,0.01304403674698107,0.003654215914470127,0.05885281657441066,-0.020838362018939738,0.02681951824364326,0.07704889407838
Lakeland,FL,0.05370280670827565,0.00829923975304081,0.05756929926770438,0.04057660257789264,0.26303720617194015,-0.01235998475251121,-0.017613213998771915,-1.6897703937868158e-05,-0.02351738298791828
League City,TX,0.09507358295062907,-0.01795934968531021,-0.0288247038042706,0.02291398940665701,0.14296769383977193,0.01795378016431526,0.021699920105261672,0.015716171465687045,-0.003139886813199322
Odessa,TX,0.5529686487246268,0.15518347449746095,-0.07230165904340013,-0.319801840560737,0.010038821839183143,0.23826142501879932,0.13298789995465654,0.002521856605015138,0.001077357068069995
Lansing,MI,-0.003616097980676969,0.03510631576983414,0.05298745041868114,0.03803999463875174,0.11383874110014514,0.06907573541735523,0.049267699274151644,0.005095028595357487,0.030231387053364367
Pompano Beach,FL,-0.05256957274316376,0.0659439101531396,0.012490604736542288,0.06699650151721692,0.21356260658282644,0.039575933854575585,-0.001976687917152775,0.001337319291994099,0.009398357879778274
Miami Gardens,FL,0.0,0.0,0.0,0.0,0.1137865510224998,0.11259695025222971,0.003124645802500492,0.008575541248448726,-0.022127040942652276
Costa Mesa,CA,0.006642529407133724,0.010248427649335756,0.0170191905407997,-0.006141191258845047,0.27830726212659673,-0.024411713553229242,0.009183864226180782,0.016610206488904655,0.02511456087230335
Everett,WA,0.022137192081793655,0.05970728728135599,0.03888719354501524,0.017085055200320554,0.16633198478942668,0.04071046375100695,0.0011547936846236784,-0.00021703027972030942,0.0037310997619162123
Ventura,CA,0.06315697677765786,0.06262561526397237,-0.041257825282856375,0.08688951701643965,0.21084428542012001,-0.06933986246309465,0.003306619948896472,0.010540102205662594,0.03346388257496846
Temecula,CA,0.04957871430445304,0.022909587967053557,0.04851709480134425,0.09295077542648555,0.1995736325251214,-0.005464136806705655,0.02314643325441801,-0.03771494973984435,-0.00522875596632566
Sparks,NV,0.09379823792445752,0.09084187108250008,0.01450293481380771,0.04389278084098658,0.09407418692592096,-0.007865174827157317,-0.012511231359582986,0.03972870445186616,0.06855947427462183
Greeley,CO,0.1330055070623477,0.03547905609344082,0.039927476207736845,-0.031079706634920545,0.09791743427050736,0.04863996284398664,-0.028689378606693183,0.008430739338338045,0.005078449239984462
Centennial,CO,0.014383215241369651,0.017776665989270413,0.020474546805792526,-0.02334975884017554,0.17387765210044437,0.04278726805528099,-0.0024475719410721464,-0.007453371034580214,0.023346980415402285
Sandy Springs,GA,0.024851112318537538,0.03139217229343738,0.0107392936389481,-0.01742229894426739,0.251823842694056,-0.014244889390441218,-0.05048126212642301,-0.041416106451698464,0.03115927155350029
Hillsboro,OR,-0.0152458215524921,0.0005214124048136259,0.027374759806704896,0.005355643216025552,0.22481083568521742,0.01797844595803766,-0.0395730765568425,0.016431738018869213,-0.001023862587168689
Boulder,CO,0.10756275676667126,0.06195576584472895,-0.0602247627652398,-0.044414100793521705,0.20297695161917884,0.026250545055781282,-0.002536308639503493,-0.04587174778748493,0.023774905487531584
Allen,TX,0.06716976202221336,-0.0003552982493844059,-0.010525407546963073,0.037267463421529756,0.20619083061552224,0.01228218114979418,0.0031074877952397273,-0.045492662772458115,-0.015490129532479302
Renton,WA,0.027091149276117887,0.0452697961416062,0.03536711428701622,-0.00747640743181377,0.1711023366482245,0.06071184661485152,-0.012648516291631107,0.008772054330095536,0.01741091650102433
San Mateo,CA,-0.0022333186081745504,0.07550988123910551,0.018304042162778256,-0.1640941951630992,0.12350854927911259,0.006491617140090167,0.027928500835266545,0.04352745497721089,0.08791951302242129
Lee's Summit,MO,0.04482418538340216,-0.014785659992087474,0.10541137349842944,0.04848241227400485,0.08563451747521977,0.03390893931602146,0.01399738154468233,0.019065363267865898,0.037297754911650216
Highlands Ranch,CO,0.05008460618352317,0.024071963148149855,0.026778081040697455,-0.0051102345484058675,0.12994047641936146,0.08907346844173758,0.008309552687636224,-0.021646514210914458,0.038322108485393525
Federal Way,WA,0.0608830854991651,0.03215251712728184,0.017283128300971118,0.04544931759402693,0.1734381130813647,0.04482080750570461,-0.01674258073520718,-0.005945370848494669,0.009818059180901617
Carmel,IN,0.013407722475115236,0.021393917725242684,0.03341257312315116,0.06025133073619249,0.23769286052689464,0.011656847156000572,0.0029898908726071483,-0.0006861158626960684,-0.016258027426725774
Bend,OR,0.0,0.17472536937411043,0.11125448351286193,0.0781567933189482,0.07978056519794219,0.02320653991903532,-0.031175813228243365,-0.02639978693859213,0.010501400177314935
San Angelo,TX,-0.02289427396723831,-0.10788887765945354,0.062943101905933,0.016535811041473725,0.034590307870100645,0.0027973732229720216,0.044836455359338334,-0.05123293582841415,0.06775656331723101
Fishers,IN,-0.022412514832031105,0.06015623142349069,0.037679910743098066,-0.010575058816961969,0.1739561571462218,0.11445570069515387,-0.035755929396749764,0.0244057729428524,0.01985800909647084
Vista,CA,0.06677063238667214,0.017175637431092516,0.02446587452060478,0.04127375174314918,0.23283615241650768,0.044509921769863015,0.020981056051477154,0.021510425382434084,-0.004164325432842508
Longmont,CO,0.04839014206639258,0.03133412296037319,0.02091970573577484,-0.00298474472555732,0.17009251345712206,0.023952923354712663,0.0064282485035460635,-0.008135848968922721,-0.025731645470496778
Boca Raton,FL,-0.005286202960602782,0.03067726136757698,0.03605282280367561,0.00012479168842549626,0.3677549243562146,-0.022868983910540708,-0.015900393694156856,-0.014931628422163334,0.015063002848803686
Beaverton,OR,-0.0034259363419244515,0.04381563092625629,0.043609455808108155,-0.009136560615290334,0.19810606915338225,0.06563753764829983,-0.06106775503065731,0.01806211413619696,0.00993443129354854
Goodyear,AZ,0.11119630460180252,0.03318036476783526,0.031046245319198862,0.13030897594723245,0.251572609935216,-0.03523126137440191,-0.05656125016084834,-0.024470083242879248,-0.03783568946730753
San Marcos,CA,0.03508701225806754,-0.0037798034435204686,0.03438224284619151,0.0428761506563875,0.23447276840145537,0.029280309538174176,-0.011315626629156417,0.007561580968081794,0.023642906478277714
Asheville,NC,0.031309327449287494,0.0012254032426604056,0.026043528335811583,0.05431373408046425,0.2942511165164359,0.030992198056273512,-0.014556234749300012,-0.011992590474900089,-0.05414583027602038
Plantation,FL,-0.02888754266702276,0.02494346700819894,0.013760089649869522,0.015265124974540134,0.2719914872335947,0.03866871226959079,-0.0029249373396386114,0.000790400633778221,0.005805617133705754
New Braunfels,TX,0.00661367658394818,-0.005592693744305599,0.03825448170959844,0.043655465321853715,0.16872608789009758,0.04255963798722018,-0.04571644872260294,-0.04605556991575355,-0.044052979260322256
Roswell,GA,-0.0021024463820156214,0.03370994869307431,0.027604108659796456,0.028009933224410588,0.33363229242890835,-0.024287854443443946,-0.03672644856015561,-0.013201433301548882,0.003115774278758199
Conroe,TX,0.05068968465056711,0.002741817023004023,0.015429348111111407,0.0004985793954874751,0.15591702182967615,0.03807014381035745,-0.009325599478891333,-0.03935793188779657,0.008127624161383906
Santa Monica,CA,-0.0063831713179026695,0.036512983038593294,-0.006518688190467747,-0.15707077075920317,0.1389919364592549,0.09080047878824749,-0.0688232578148954,-0.01903553777247846,0.01530305022935008
Kirkland,WA,0.0317523654352907,0.054641184609554694,0.048043273626322325,-0.016156047210279967,0.1396442200804917,0.01142909358411015,0.023682872533715038,0.023558060760229038,0.013147253627193045
O'Fallon,MO,0.033583227487433476,0.060680988831954386,0.03160317064767959,0.04579481501140825,0.16476466090330688,0.05415518469994063,-0.007784525080598681,0.08148906173052817,-0.023152993104163522
Mount Pleasant,SC,0.03553573450286596,-0.03502259450905776,0.0034921135183170193,-0.001984822225261418,0.18898328892384741,0.1072655805362226,0.05039627064446717,-0.0006378719435655711,0.04815757576382507
Avondale,AZ,0.013129801257315554,0.08740188688050843,0.10586750660605948,0.09697444673495759,0.25245183831568396,-0.03425671125278007,-0.06877223050288794,-0.0007999836916834369,-0.02512710175394761
Fort Myers,FL,0.014758915474315515,-0.03891741337682031,0.06788162268935904,0.036416810145596834,0.338206263043068,0.08065780644230425,-0.09299550162868098,-0.07052819171877778,-0.0702542100822724
Santa Fe,NM,0.11876586628546648,0.05291531408241812,0.117788240526437,-0.010819838216043376,0.24116898853752944,0.04892828330592924,0.034138542055766496,0.0039455270132304765,-0.026602423207253034
Springdale,AR,-0.06679138279178942,0.24566280975360244,0.009225177599957224,0.019206767138575165,0.13062610863385427,0.16862573066577946,0.012727344440856214,-0.0041104189470796415,0.06824221259508212
Newport Beach,CA,0.03833941899164639,0.021470643190407923,0.021003173585832258,0.014818225970253396,0.16338826059200917,-0.011420303527853504,0.009158362079890958,0.009324044565521161,0.03872682543975414
Melbourne,FL,0.10507098524664582,0.07411926769830535,-0.019611448738204973,0.01653614270310433,0.30276747231675816,0.045560900141437655,-0.05328012562241058,0.007437695033222891,-0.005480387653222896
Brooklyn Park,MN,0.07124398946557031,0.03472375467548883,0.03923648811102587,0.012862391204142565,0.061634622785622595,0.022230420686152552,0.01423804588805333,0.04040584180731166,0.0160273093000185
Bryan,TX,-0.041626770865342055,-0.02120536253894678,0.011726966399589145,0.036442301095156004,0.04969183421105283,0.1159201098697129,0.04115146598725983,-0.0022517013318106294,0.042290787094551474
Franklin,TN,-0.014463561212707643,0.04966124675358086,0.001219897718930163,-0.009886891805795495,0.25701987368870394,0.02203792206710875,-0.007741506988515834,-0.005399710333926944,0.006423909493860069
Temple,TX,0.023433712568041942,-0.015349890477787786,0.06473333593008279,0.09177985661075772,0.19209338751486515,0.047421458542769246,-0.030464168540160874,-0.07896634022395532,-0.01796965861099864
Redwood City,CA,0.03065357962399773,0.03626357137698877,0.0567555942742497,-0.19809907245645675,0.1251758961479681,0.024753667686636893,-0.0028694663095124584,0.05159194435030123,0.08400637939414324
Lake Charles,LA,0.011900041647616488,-0.0531717196625805,-0.13376227613737735,0.09170138000558281,0.09113457612807374,-0.1982635892452438,0.045923831207865806,-0.00048799869596016787,0.10668060333845619
Miami Beach,FL,-0.0530006241983777,-0.01734635459250955,0.1292456286133683,0.09914488369559438,0.3978781568860166,0.0962694672222335,-0.04723800828192626,0.03604897068562907,-0.026876249071583924
Longview,TX,0.012540664342076457,0.08009373705051659,0.0056205425145579024,0.06561746897635046,0.10513063443899862,0.048864312695252377,-0.008611521967960667,0.01507739082536852,0.02656748407589693
Mountain View,CA,-0.1659706674252739,0.08709865543364259,0.034176077231390156,-0.22010511745793748,0.16782480186663062,0.06649334777023475,-0.025915100240496702,0.022936424777181497,0.09348732230205736
Layton,UT,0.08050824381858801,0.0841351152620522,-0.01594253827184966,0.1478435967499867,0.1911506549635542,0.0021227359099049714,-0.03631184562057099,-0.06165217602702222,0.025161126635010245
Folsom,CA,0.039405411125366774,0.08372443701259069,0.053657419409741225,0.046489122024529594,0.11354558218597144,0.009826036631118917,-0.007007725992328684,0.009980467646098168,0.0030702251969181305
Somerville,MA,0.051692639751043545,0.024790077698238377,0.03452870667418395,-0.16862943189602086,0.273272340063482,0.024885183395870314,0.020947713929501788,-0.0071932046174790765,0.07521972512055464
Boynton Beach,FL,0.04250943355528536,0.028328086467479308,0.035984332380400996,0.005846690933977161,0.36348312067970245,0.0012419338408120595,0.006460297340535437,-0.019272331610343252,-0.008887144739439079
Napa,CA,0.046962494445873526,0.07079640450224889,0.009276120825973733,0.004462926586673133,0.11369447419317757,-0.009971451159851208,-0.01454741509190971,0.00893789223056829,-0.018713297149870578
Milpitas,CA,0.01599238941921044,0.04025206674509629,0.012574515414331744,-0.12085113262886216,0.15297820160902775,0.045328870338106064,-0.0012826182687722953,0.013200673036938726,0.05272254120152753
Bloomington,IN,0.029987243693897714,0.02421192695701002,0.08900378909728968,0.04625521442265357,0.1512848232299493,0.060970590104193256,0.0008731862173139149,0.004353349016100738,0.0067159036613930745
Upland,CA,0.07589364296344492,0.038186773254183626,0.04524909887857431,0.09548263274683033,0.1631170352772866,-0.013288667610210747,0.0069574681273618655,0.01055974772770396,0.008304728429294972
Pleasanton,CA,-0.06175188439159551,0.03172764955731777,-0.019683116288249813,-0.04287928309588651,0.10567510546389047,0.05299257597391538,-0.027891649240411764,-0.011659202676869374,0.00574292162654344
Kissimmee,FL,0.11124381894569946,0.05278911477042025,0.013625143078953794,-0.005331645164458831,0.25792440008895445,0.025759935326624017,-0.025017378978507088,-0.015013866225730421,-0.03174283251921117
Frederick,MD,0.0019039234708675412,0.05296249582752055,0.03850910709644362,0.08684984070012614,0.16206289046148803,0.04522657555993215,0.0034748987088590866,0.009864319053862092,0.0168940194351479
Alameda,CA,-0.04065875244286132,0.15337641314907646,-0.002593394073119093,-0.05741743962712065,0.11096941304841934,0.07209248074066155,-0.09184046942155721,0.0023432136056300568,-0.008479638004926793
Flower Mound,TX,0.037042131900493214,-0.0029465115816146303,0.030486458162388708,-0.02189957868323944,0.2526696524334737,0.022542471876336068,-0.011888565307565213,0.0060588203686688935,-0.020604036427469774
Cedar Park,TX,0.06393458126780471,0.00621769030329844,0.04473439766731979,0.030143650878989625,0.2171803597917159,0.00786103850569786,-0.059924589347132406,-0.09077609367609352,-0.013471583889929195
Flagstaff,AZ,0.037391407082661976,0.01254481833997323,0.03194817156638652,0.018096944824804284,0.11900639298196625,0.14928683270975518,0.01101466886990754,0.007967836581897147,-0.0014397472954406076
Woodbury,MN,0.05177333399417883,0.05316886033115775,0.03734111102103954,0.03015911573795682,0.062105452707825526,0.0447468783080327,-0.05366972524417635,0.08153216295454402,0.039150751507619264
Doral,FL,0.022078943040984234,-0.0017375945848649987,0.0017985949039960314,-0.07824683406987909,0.31673047236965446,0.07850033070710127,-0.0233962347133001,-0.010611125564308543,-0.015442203943891508
Castle Rock,CO,0.06081501443829107,0.1070386407807038,0.0068181191690817045,0.03005922076916656,0.14722800883756193,0.06102117942562213,0.010081600315314798,-0.044670118717959784,0.00915735632648107
Redmond,WA,-0.004072676636705186,0.03203282083732195,0.06273496937439904,-0.0592598467777945,0.1497460574592715,0.017401620339267065,0.01941795463428453,0.023077553621922986,0.02729416013376884
Mansfield,TX,0.05822618335147878,0.04098869455985166,0.00019886389590428877,0.03895272595017407,0.1856978695070719,-0.011076395969327746,0.010676949729971463,-0.04534074895114404,0.013266388198714285
Daytona Beach,FL,0.0396904642453777,0.0670738947759737,0.06509970986409241,0.023590422936808464,0.18741050875938448,0.05521181260978114,-0.02887415604695376,-0.011102505179387379,-0.006837795774678468
Redlands,CA,0.07904235810634463,0.09666066119821837,0.07018519893184672,0.03423350732403896,0.18534716720662625,0.08422389656343743,-0.08104707106567488,0.03708521783459218,0.005009900374618903
Framingham,MA,0.01546353582423654,0.05764060742778443,0.0335309374542625,-0.011532862346660178,0.1849122377921122,0.020946923179095966,0.01754027793401769,0.011327354128972678,0.0037500636621827788
Georgetown,TX,0.01510358204026252,-0.05249348363485906,0.031492752093331466,-0.0052711888627461345,0.24842372944293256,0.011450264562647972,-0.0599789679626086,-0.045369387663656724,-0.10022205281516927
Greenville,SC,-0.019347498677260933,0.07062412595351919,0.038935111616000606,-0.017580531034808278,0.17503264447038025,0.0746038109974092,-0.022570688459076282,0.00799409164699294,0.02883299822546359
Lafayette,IN,0.08983500069380201,-0.018197683700293954,0.11981412330203067,0.00020944664174638028,0.1658565993171215,0.08485876260543601,0.10912288036962114,-0.0028062596889641966,0.015232104494117715
Camarillo,CA,0.05360536725008935,0.008127366441327943,0.02938121619213163,0.0746671221473727,0.09494808652601083,0.020678141128226635,0.03625501692567923,0.007541577503475283,0.012480554567823487
Maple Grove,MN,0.07653123680095031,0.04965323410784106,-0.0005991911100394764,0.025578763845046426,0.07802722630562209,0.044295704776985634,0.030566790314769055,-0.02834680689624791,0.043608336187354935
Blaine,MN,0.10741012690094798,0.0037699146963943164,-0.0029579322616090087,0.04264835560031566,0.044589291158291244,0.07969443824171663,0.012790324447340629,-0.00834702830631806,0.055991984650476834
Walnut Creek,CA,0.02497899333845477,0.05246773200278798,0.005530527514104433,-0.04346066928821135,0.05656799945864788,0.02436536877751516,-0.025648603149182048,0.005839245693424644,0.021037884366418957
Gaithersburg,MD,0.0157176586361103,0.05441867925457844,0.01468216913463416,-0.009305033044829658,0.11188586820203716,0.03851961857365027,0.05714376347803363,0.007472599707079697,0.01613144391151322
Wesley Chapel,FL,0.009385045025019245,0.047726555208395194,-0.004522776239215931,0.07412381847646854,0.32614853569962343,-0.044550943137758536,-0.02174145722215315,-0.04848739137455449,0.023807513999687835
West Des Moines,IA,-0.025372344662614843,-0.006617159949540041,0.0320199191741839,-0.006131917567578027,0.07838292416017612,0.0524833791052115,0.025102559467458097,0.007013372872788581,0.021424272461841642
Shawnee,KS,0.11249114675244187,-0.008609065622157352,0.0636146337561363,0.047767599122109816,0.10280968243234923,0.08452498807809317,0.02752779807031991,0.049524919395890876,0.01668106529667779
San Marcos,TX,0.01016278255116454,0.0021241999280279256,-0.02761181970687221,0.06037532833625181,0.16754454866051538,0.054937049269422555,-0.03570483734807828,-0.06801017038178181,0.008970092457582401
Rockville,MD,0.02248108418101813,0.014114219749655765,0.012442029698070733,-0.06360358111105968,0.14690534998669347,0.020869270286635322,0.06144037293294091,0.01018944021436452,0.0021016128908688536
Bethesda,MD,-0.02104338683562068,0.01012328695819642,0.028026960674315093,-0.12171844451704561,0.14515646931489856,0.021344895699745292,0.019817565890240862,0.015335683755927754,0.011746433100571663
Alpharetta,GA,0.023712561752391226,0.04123646242821577,0.03553047615995131,0.01792445870206505,0.31774174489218576,-0.011523298789814285,-0.029509799952440408,-0.04443530940470031,0.025023102493221483
South San Francisco,CA,0.020243335899779558,-0.044594851417225745,0.1151434996126579,-0.15830644582812825,0.15576911767255486,-0.023448797985831105,-0.05244483600286731,0.035745079202091246,0.04614433941309426
Apex,NC,0.0071741991061256005,0.04662372210022525,0.05824179344222258,0.0053107388466158145,0.1947535067223598,0.05894741015104232,-0.02112847186091693,0.03118126228574214,-0.01834461614769045
Waltham,MA,0.008629977399131183,0.05166324540925249,0.04272915631868224,-0.10445588168782771,0.19868539609313718,0.04629292146607478,0.026350190648431582,0.01954518952558515,0.027705149132796203
Pflugerville,TX,-0.04884365068054275,0.015303339028293506,0.04373918208257899,-0.0552892520319046,0.2818795661568507,0.014628585902715319,-0.03743006441175112,-0.07708870077442165,-0.06019512966308138
Burnsville,MN,0.03091899317929081,0.039750814068521434,0.05619478214031237,0.04181364896795681,0.040999438726101456,-0.005741366177556273,0.019606378994026175,0.053471486369328636,0.013395912410103517
Spring,TX,0.005809425925026979,0.008417924467375881,0.016335467593359132,0.007185765647113929,0.11313034754407592,0.039675438053476286,-0.021670545740022473,0.003483235898275039,0.0032292252247385633
Greenwood,IN,0.007998485746436579,0.04495518569017265,0.05311119466634828,0.05328678752192717,0.17833684995291232,0.07616178267351725,0.031381073373460744,-0.016191632052096283,-0.01637798445583616
Millcreek,UT,0.003960439999999954,0.07020682168866799,-0.022532723446560543,0.03572246294749015,0.22928214059500251,0.04776208380423208,-0.05813284648857031,-0.010979916210932972,-0.013440027511816721
Ocala,FL,0.06653200426538586,0.040980356648865346,0.03043281269654341,0.1385637639722883,0.21091868546381254,-0.04794200842166885,-0.10003937468645963,0.02608495328206062,-0.004077515590862002
Lakewood,WA,0.09268950191106873,0.08399219447652229,0.10394207284279267,0.0293671182765316,0.1360162957904918,0.0055709053088897065,-0.013896495958831467,-0.011608313020652572,0.07296621160591932
Leander,TX,-0.06209403540906555,0.02370233858360926,0.08514674631471153,0.06954429048956112,0.11490774334739373,0.03317633657484542,-0.07837580165564562,-0.09197958584614463,-0.03632516939184327
Reston,VA,-0.010343826413876878,0.01025894018098894,0.01874421646970359,-0.0820294617504036,0.13568917465777086,0.022087381821059404,0.03226173309276725,0.06740000480891917,0.0277142990974093
Marietta,GA,0.04413738626220165,0.05382802241497653,0.043865145069168276,0.08245857924580435,0.23553049362710077,0.00017581811782929613,-0.04737941784719091,-0.00869500709991644,-0.014660039119850032
Sanford,FL,0.047512799278477624,0.07408465177856316,-0.006542828204797568,0.050822197403215474,0.24668186395194747,0.04442000957370995,-0.03544315781823115,-0.023888648243073907,0.018470856904418742
Huntersville,NC,0.048652410274210744,0.029623083730718536,0.013557704764192158,0.02100980910443595,0.2652921572171607,0.02455995226094143,0.00048066261579005065,-0.004545743766762533,0.02073389782912405
La Mesa,CA,0.04817959862722421,-0.0029100194649414046,0.07633331933771714,0.040414036592415936,0.2011106657316497,0.052041095828972095,-0.0220868084718856,0.025751355670285747,0.0004121208644236596
Richland,WA,0.0,-0.0013004395800000346,-0.00741734547157058,0.06152433489469167,0.15130374486244924,0.060789009381489345,0.015236774413143861,0.014517995225646896,-0.0030019766934988867
Euless,TX,-0.012910570130609145,0.01519066195460872,0.04363831820589548,-0.016529984262203534,0.2117531142209732,0.056883795856867536,-0.008318562652100958,-0.024383682423543385,0.016059682157400168
North Miami,FL,0.012794849518674267,-0.02102451942944794,0.0006448428640024595,-0.030224597108696738,0.3375908574126063,0.024380006108619012,-0.02132213788284143,-0.012591604323103911,0.005475297752470354
White Plains,NY,0.03603637100237278,-0.02637102355576193,0.011562526630772174,-0.0849536006024133,0.12140458143666821,0.06746019852640717,-0.04233135599135418,0.02045990510543705,0.0022626429334171583
Palm Beach Gardens,FL,0.02514410681991941,0.04667259092232201,0.026924788464228966,0.02462733161918229,0.42303790886126946,-0.039021221711947884,-0.011673724742838898,0.017511942612608467,-0.037062343762639394
Chapel Hill,NC,-0.04307197948281971,0.02999808736814047,0.013557224750925467,0.01865744179577611,0.19683757048929618,0.06507869748047912,-0.042075979791993734,-0.010646600505942794,0.015902800686263596
Parker,CO,0.017249187516770403,0.07948389888141283,-0.005630968287092641,0.015789622129864345,0.17718138375251802,0.06455014658385982,-0.021342926025491926,-0.01567261570595435,0.021839451324753067
Shoreline,WA,0.06332749616165345,0.08473067200195561,0.017703770992461676,0.014392583149527072,0.07645188979333528,0.06047816074105827,-0.045056853656774254,0.01744329571359704,0.013515400156937751
Towson,MD,-0.006372413140771416,-0.02239226586636711,0.05051994691141726,0.027577240738004827,0.115590452341223,-0.0020507455691738397,0.024185368123150086,0.0008168584616885521,0.025114581441384454
Coconut Creek,FL,0.011425262482844145,0.045151419277438265,0.015953719864738147,0.00743529853077729,0.34052324241132803,0.025746921975449144,-0.006262308757404078,-0.010460915518475833,0.022655343360125757
Weymouth Town,MA,-0.16769665414312274,-0.013773731029456338,-0.0061317891084755605,0.02761784744887885,0.14294592683272955,0.02036796423365317,0.03813700169510881,0.01262820790319319,0.044463008655611924
Madison,AL,-0.015301975400740075,0.19051443230820397,0.11047033967399478,0.11420206282277023,0.13483983818019207,0.01879641084924133,-0.05249501327976758,-0.039083290916104185,-0.009140515425195561
Burlington,NC,0.005552124129668545,0.041046226557131416,0.029184671522786587,0.01696138029523686,0.20646031876227755,0.08931588679452318,-0.0732758731537565,-0.0010699097391573265,0.02172541495926561
Lacey,WA,0.0696175439481026,0.02541682582830429,0.10606510643465472,0.06016161472293713,0.139155920680192,-0.01685591297520994,-0.009946837420418575,-0.02205411170635807,0.04293787723905984
DeSoto,TX,0.06486207450488068,0.0007719273252597691,0.026822883410526188,0.0613372669505452,0.11884883879437047,0.17291792743846357,-0.09986260834587979,0.01441517257803926,-0.012273962788087123
Bradenton,FL,0.02245691219168755,0.03469886358366936,-0.01304904249761929,0.05575201891916359,0.4544544765471674,-0.04657252347561314,-0.05647114903575623,-0.0006033590255500876,-0.05546972656993032
New Brunswick,NJ,-0.005808349555803893,0.023592844909686717,-0.023396653892186037,-0.06747455007440328,0.24987798663324567,0.06401979454361939,0.03157575597156459,0.02942347790421329,0.0515667603650658
Sarasota,FL,-0.008392122981971117,0.007274091689113638,0.007297039838277231,0.007381324262593747,0.457998447273517,0.013891307485417892,-0.08328614037370319,-0.02078134843989199,-0.06852877221196352
Pensacola,FL,0.060968447081966026,0.029920244431434373,0.03357015544963038,0.1015312279217726,0.13590076096505843,0.04189063053934783,-0.07109890598715451,-0.013755761209547801,0.02088212924397692
Smyrna,TN,-0.007711153365884238,0.12765137619958766,-0.007799275382780246,-0.015507948518497572,0.2677739300498332,0.04086980912126381,0.005188947226673957,-0.05367769899795516,-0.005299087329494689
Pinellas Park,FL,0.03890448351754472,0.06555066609482352,0.048452329992239695,-0.041948409552758026,0.2964789672740329,0.02026820174707966,-0.03671714391634617,0.05115763421627251,-0.053342877017890755
Texas City,TX,0.03133041345658083,0.023743177435989304,0.047214342347260185,0.008601034229313909,0.05956544490451465,0.07410986839608724,-0.007921003004056848,0.07429155813811672,-0.00911063301006576
Edina,MN,0.01766045111600456,0.018885604401082112,0.07729347937941244,-0.044661975938883436,0.06285977120458441,0.01317319992330046,-0.04107109141028409,0.08162564714858944,0.011726467033793542
Aliso Viejo,CA,0.006153815992218092,0.004305918116633389,0.020415734471579627,0.012286117433952581,0.31309788930387294,0.0471185096887643,0.005960896212916289,0.02289609343661292,0.007478523457014052
Dunwoody,GA,0.02370824505782121,0.020718316003357273,-0.0096871730419813,0.0017043208311304792,0.287118863220188,-0.0097532134300089,-0.08734678185092348,-0.04297322837633222,0.0519104205996026
Palm Desert,CA,0.08212516297351602,0.07782973499411994,0.06707539887211533,0.08213795220338471,0.5380597477119431,-0.09059868378770286,-0.08579333886640639,0.0072849700288939445,-0.02231014529128017
Collierville,TN,0.005598871197174837,0.1095199900180388,0.10890565348806547,-0.03521725629722883,0.25377727855570487,0.04110117771441191,-0.03985077009350135,0.0025630803717169304,-0.032223493664270464
Grapevine,TX,0.03035770486623912,0.008385104327678139,0.0035112033345263693,0.00989027836869849,0.18760020406676037,0.058917947779073554,0.011106317857422887,-0.0496331660313597,0.0007169373893496367
Draper,UT,0.0,0.19101800410444514,0.05706337023100727,-0.024940442364826176,0.1697414168689626,0.08065271777025651,-0.011478486983287017,-0.024161439908904958,0.013239711764807982
Mooresville,NC,-0.04900769565829599,0.044666979337779855,0.05408412362119819,0.07387864331351546,0.1706154575105292,0.029664392311066212,-0.05999406769500193,0.0014523915884625538,0.007371291488425857
Jeffersonville,IN,0.048842363176398784,0.16820325796394675,0.010490471983598537,0.042963442817103514,0.04711915662565902,0.13092098975589583,0.008570564728138885,-0.015627335336504067,0.030632828872830364
Coral Gables,FL,0.0332052804398173,-0.04926682998556342,0.02041430713881609,-0.06974972437123339,0.42245437778227846,0.06360377271410456,-0.08550619872511467,0.06676212979802543,0.06443138651866809
St. Louis Park,MN,0.07094852607678748,0.03098040971329752,0.019339389855513422,-0.015869605401825693,0.06657684354732618,0.03773114970820557,-0.0006746561074756352,0.023685282681386033,0.027500887597503132
Everett,MA,0.019399158769894287,0.05440919307422476,0.01863754119623917,-0.10023935048478883,0.15197790557327773,0.043119170997327094,0.030506907560192253,0.0505088340372819,-0.010908328197025252
Kyle,TX,-0.009309364916649798,0.0356918004485014,0.006556913135027598,0.006320004578344474,0.22436482071243247,0.00911363996611847,-0.06247521395822375,-0.10531081111280816,0.04459343542739602
Prescott Valley,AZ,0.0,0.02089999999999992,0.09013847889111504,0.12669001501597177,0.22561041501569945,-0.07569287072285391,-0.07264460139307571,-0.03173407945904316,0.03144249002045796
Charlottesville,VA,0.040642164485130694,0.010929341580590224,0.04339777753897778,-0.002675493123670103,0.13007524120201497,0.03478197924894122,0.035107482055086736,0.06211834806640981,-0.028545352958664005
Goose Creek,SC,0.0,-0.013000000000000012,0.0014832645260705046,0.053336152083396815,0.23406149440746704,0.07872987932169284,0.05048070810259264,-0.030239194274581882,0.019502119027287046
Littleton,CO,0.02757196375496851,0.04926283340132498,0.013624808007788758,0.029439898277125343,0.1568561720864976,0.08552940491125405,0.00845235406793865,-0.0405081380795802,-0.0034739446664335816
Ashburn,VA,0.043262604959127815,0.03569739821924234,0.011142371251763317,0.0032509165528162853,0.14824058985675204,0.05001237783761603,0.05195008677475843,0.0353745404076129,0.04202589904050136
Odenton,MD,0.004157852175153076,0.01792760510658753,0.03735377192265732,0.016092757304908334,0.14429398028438456,-0.033743298142240086,0.04807328438615399,0.039774507406154624,0.021242550995401066
The Colony,TX,0.03153755427520455,0.009428582104246797,0.028245015836666054,0.022841033425690105,0.21641894152147123,0.0427600159534971,0.011343312332761757,-0.06287827821392522,0.016558947418806813
Bremerton,WA,0.0,-0.0020000000000000018,0.0197629941059283,0.004864533699612039,0.33058987258441386,-0.10647672186463719,0.05370217387269571,-0.035096313500109555,0.012051033619250084
San Bruno,CA,0.03903412267739359,0.0765184731810773,-0.00446495651934764,-0.16562105436430508,0.12665424097573297,0.008034350217544839,0.006880570752015425,0.04501433159521184,0.026885572779858258
Gainesville,GA,0.07120863904559704,0.0008601396768705971,0.040163818387962236,0.08305069609766091,0.21126686004788953,0.0707937448909226,-0.01285771164369831,-0.05940594047327785,0.003525654904659614
Woodbridge,VA,0.020500323791877273,-0.0019101981977853733,0.03680478534764742,0.028223737525234993,0.09962454530710185,0.022051452915150094,0.037086374256088295,0.05496191199321232,0.024900439344173853
Waxahachie,TX,0.016143874550898163,-0.031078954808790082,0.005405615602757541,0.03267704086761358,0.12416981566655849,0.09403576283006831,-0.012503443884562149,0.0005152472558871413,-0.0065481873176476135
Annapolis,MD,0.0056294914983952005,0.019248928776992136,0.03883984969677767,0.05053920981486715,0.14121310314281232,-0.015632614383084165,0.04203625854770543,-0.0020610571868645566,0.001477916362079501
Culver City,CA,0.14605934021000433,0.10769967540731895,0.04071363082549562,-0.1413803489250508,0.18313010532117513,0.023962366348827313,-0.02821287374151571,0.005275402614512759,0.03403961658009913
Lynnwood,WA,0.024899163666637802,0.06326827099498744,-0.005708966831678541,0.014642562800594838,0.15270571469162508,0.07085819173188224,-0.0033267942344601398,0.005636734326072146,0.007405772661249532
Fort Lee,NJ,0.04439424369390399,-0.07247917069933785,0.05851042232738046,-0.06045578744018021,0.10862396310426448,0.01913427087749553,0.09278041173246998,-0.008558426220103721,0.15021582929333865
Issaquah,WA,-0.04793711763593145,0.05894551345840493,0.05494429025249303,-0.012496845863746442,0.14180949643126706,0.020053131843881467,-0.0017408284218720649,0.05544497414243965,0.05440394837371132
Tucker,GA,0.029056782921874413,0.04493875149827575,-0.014747716584993631,0.08960810566823896,0.22004627021352618,0.027558558621269658,-0.0011826608886390533,-0.033761047061228844,0.007255218063135338
Richfield,MN,0.09571024837936881,-0.056018175902673883,0.09103977066049329,-0.08600973190712458,0.052408766913284666,0.02064580658504389,-0.0177653981048993,0.023168201149449397,0.06925245460171614
Farmers Branch,TX,0.03651945549696323,0.062241548656081,-0.03938967173627239,-0.014691773180573797,0.15427007358025757,0.010634879697841937,-0.022747779313817107,-0.028488465777462557,0.005024723456307223
La Porte,TX,-0.07795682735401788,0.0734723451869892,0.00699015585007845,0.09977163249845544,0.04299427568247993,0.04759313957153988,0.04837331751896734,0.023981793218663672,-0.017296089110458435
West Hollywood,CA,0.005562741499973045,0.013577904923556705,0.03019513837725607,-0.07689970749799413,0.13079505411162473,0.011288435753953996,-0.03164745711916739,-0.00930894413523442,-0.006548708071388187
Douglasville,GA,0.07280761153039284,0.06663496830669535,0.08834538702959382,0.06252238673857291,0.1656134349707914,0.0620130622772217,-0.03699300217984347,-0.03696631471438505,0.016072786289706098
Woodstock,GA,0.06889457308317315,0.021616668970921626,0.0449308448136998,0.05285975209498095,0.29731164529871945,-0.042514991265804825,-0.00876883090708791,-0.03447875372406106,-0.005490849948393217
Panama City,FL,0.0,0.06542635715574319,0.0,0.0718635077492924,0.2687271284526864,-0.07024016217932738,-0.024597467338750234,0.0240212592599105,0.10623623419270833
Englewood,CO,0.03227068662263255,0.03556759059229497,0.026554973425537032,-0.011936963351868113,0.16167072494505996,0.05912406944833459,0.0012179645946703843,-0.03155451325507819,0.0038980510849289107
Kennesaw,GA,0.03314157551251706,0.04405994682710079,0.02490954548159041,0.06816640876982194,0.30416889298780636,-0.04565577644261132,-0.055640851058703866,-0.02053270318120537,0.01013127911994971
Wheat Ridge,CO,0.2543485324190131,0.049947391577162215,0.02802455181700303,-0.05508422350221953,0.21971493880142234,-0.0028246010519906717,0.04663704035604921,-0.01994998725346786,0.002040093412797539
Cleburne,TX,0.08248338535070965,0.037633452845529325,0.02541860997116019,0.03540522130356871,0.1417353376857302,0.048485442365904685,0.15086348876225086,-0.13747887234048806,-0.028887935297375433
Duluth,GA,0.058179582985580014,0.055624157916728256,0.03832248452760645,0.04157020599181971,0.29536622831686277,-0.01602164272989537,-0.05702487301518766,-0.018605803819162547,-0.009470488656223242
Dania Beach,FL,0.0037063154188781144,0.034745577239236436,0.11213268587131187,-0.027723446848678335,0.3550630769795846,0.05761168244045711,-0.013946853747670573,0.014923434577229333,-0.020712853682934518
LaGrange,GA,0.0284027547799115,0.046227801803864654,-0.006843890998752933,0.08925747513762339,0.1738286574326413,0.0421198712706623,0.08239899479109303,-0.013406899398748506,-0.11624446747718342
Lawrenceville,GA,0.08633518881669189,0.0381663141860209,0.034925802357095304,0.05088244459140223,0.28481259385130064,0.021758059811452624,-0.056299733761407955,-0.028351524456714627,-0.032421870907169636
Chamblee,GA,-0.010814228409766091,0.08008693897264263,0.016986378655654777,0.022997181133388445,0.2317254394937378,-0.04548183936537853,-0.06161220170847215,-0.011820530861466616,-0.023484692343739066
Morrisville,NC,0.08713645396955405,-0.0034411043745024017,0.06421471969434922,-0.0003078238667864053,0.21097179298863877,0.054933832124445026,-0.037428097100442814,-0.04935967355952586,0.003771241885086374
Matthews,NC,0.09463748096410973,-0.006381563380159383,0.08808848795500479,0.03605216551758472,0.15379347085585082,0.07443862252970468,-0.02425544789710743,-0.022746281305771943,0.036192034678945495
McDonough,GA,0.056230976436519864,0.06553582619946163,0.017038792209953524,0.2375665683171333,0.2205089580982429,-0.01828690059041871,-0.05383171320495028,-0.0683469686203727,0.028547392106295977
Casselberry,FL,0.05127684871050109,0.056284430900200855,-0.013881764637559968,0.030845131476771703,0.24545868577227958,0.0571003290534986,-0.013777265180731857,-0.01154486130904675,-0.018398333423516045
Saratoga Springs,NY,0.0,0.023326039999999937,-0.01716781811775636,0.07838908374235132,0.13760197918172246,0.0800322095843986,-0.07768029092863082,-0.05598197455069864,0.0769562665737018
Fredericksburg,VA,0.010751296172928138,0.03966789530175929,0.03687367273827058,0.041239977753939616,0.12897900477618962,0.048167260538509726,0.026243494380966403,0.03663532986928453,0.01993604492171208
Maryland Heights,MO,0.022281776748650728,0.006847659614714008,0.06586078502374981,0.008368788534312666,0.10819150052334692,0.07373482499263684,0.009246687410493726,0.0029542090149738964,0.04706625306811585
Forney,TX,0.0,0.0,-0.001545557365851269,0.02012248631783997,0.08238544332380071,0.11684174561795735,-0.010141615129031556,-0.08187506661568178,0.014570406753346532
King of Prussia,PA,0.003987230191826674,0.07285391226007776,0.005852246520920312,-0.009686463367944431,0.11320546122096453,-0.0006779222098072246,0.0073172649923527455,0.011585111959045102,0.04297906800171969
Fairfax,VA,-0.002180278824057691,0.03657183608372816,0.011706883600931528,-0.06470660608332945,0.1488928088027146,0.04424843110994581,0.0346267038377337,0.053513815972616285,0.021100847285572266
Simpsonville,SC,-0.14307899751217645,0.12487375657009858,-0.010384786324339701,0.03038228975043178,0.07113341542139073,0.1610905097914206,-0.021684406411867307,-0.021885150194718705,-0.0049458726017254095
Papillion,NE,0.0,0.0,0.032467437454344106,0.041839159096129785,0.04267927846367581,0.10949753307979804,0.012884107757905605,0.029646478246996955,0.01067518136250789
Harvey,LA,0.0,0.0,0.04036828359401112,-0.02739103973163559,0.1510489690752448,-0.019299910641035867,-0.002946803369786144,0.06873589295409377,-0.1011203932488921
Suwanee,GA,0.0023081875314860945,0.051572135944776276,0.04918437862345537,0.01354921251944008,0.23969948990303025,-0.018337359104893536,-0.03861101719995219,-0.009852300717619,-0.01194555758050675
Golden,CO,0.09081484285660624,0.02460951130820188,0.03633148341475634,0.0008431339560752704,0.142058592604291,0.06677268858710894,-0.0060769583776375535,-0.04993163660176503,0.05652281860207764
Maitland,FL,0.0874387148771818,0.060493715824042615,-0.002682007167454925,-0.08004382457469972,0.222431826261954,0.05546540618847251,-0.0433847212536006,0.0066058118863217,0.0030589595786021384
West Chester,PA,0.0064940506444881585,0.04591622677012985,0.017101959525685828,0.029832808629468577,0.17304486948980857,0.042137330324600875,-0.03311976875026523,0.006827413321462972,0.06700681435972111
Oxon Hill,MD,0.07730227328251615,0.04729799938833579,-0.036290420851633365,0.03367619285992007,0.05443810368711022,-9.619124717685779e-05,-0.04670308295504666,0.07695552105624293,-0.015402167480391915
Boerne,TX,-0.032118846096382936,-0.02169816306360084,0.014314255014931332,0.029575196248190272,0.2074997737962343,0.044379753992004334,-0.04910836923283657,-0.045781181792549974,0.015155825355315677
Panama City Beach,FL,0.07736266910232836,0.17435761163481733,0.05895880393510655,-0.06824458300670555,0.18512122873205605,-0.05754808761075281,-0.022862843016253853,-0.03093292272614656,0.012693841104173265
Norcross,GA,0.019156446018052442,0.09695270406965095,0.023732655546706338,0.06646747456359159,0.2586880560234468,0.03444256267953971,-0.032730850328988814,-0.033506599795111724,-0.038023189095810817
Conyers,GA,0.08093053582220877,0.09963165666921947,0.056925365695884356,0.10758248325677489,0.2194315119862864,-0.007733743933799886,0.0031835398925279534,-0.045827429237287665,0.037190252284729164
Glen Allen,VA,0.0016092466302615183,0.06502642740440656,0.09201150196162833,-0.027313415601938673,0.14931610179522048,0.08666978776427525,-0.00175990863518094,-0.031760471751310915,0.03826134289202443
Celebration,FL,0.031675038976010095,0.011998840147703582,0.02319952059748065,-0.05559782725839624,0.3258850822899928,0.03572723275566125,-0.06879899524897126,-0.007438380467748695,0.03208767096759346
Exton,PA,0.007965700277154486,0.19913832509472362,-0.012858173235488546,0.004938475558052602,0.17609669063621358,-0.00047548877279290913,0.026597957239109515,-0.0001514552473600439,0.038434057154964174
